DELETE FROM USER_ROLE;
DELETE FROM USER;
DELETE FROM ROLE;
DELETE FROM ORGANIZATION;
DELETE FROM ADDRESS;

INSERT INTO ADDRESS(ID, CITY, COUNTRY, DESCRIPTION, PROVINCE, STREET, ZIP)
VALUES (1, 'Roma', 'IT', 'Capital of Italy', 'ROMA', 'Via Cassia,1', '00100');

INSERT INTO ADDRESS(ID, CITY, COUNTRY, DESCRIPTION, PROVINCE, STREET, ZIP)
VALUES (2, 'Paris', 'FR', 'Capital of France', 'PA', 'Via Eiffel,1', '00200');

INSERT INTO ADDRESS(ID, CITY, COUNTRY, DESCRIPTION, PROVINCE, STREET, ZIP)
VALUES (3, 'Roma', 'IT', 'Capital of Italy', 'ROMA', 'Via Cassia,1', '00100');

INSERT INTO ADDRESS(ID, CITY, COUNTRY, DESCRIPTION, PROVINCE, STREET, ZIP)
VALUES (4, 'Paris', 'FR', 'Capital of France', 'PA', 'Via Eiffel,1', '00200');

INSERT INTO ADDRESS(ID, CITY, COUNTRY, DESCRIPTION, PROVINCE, STREET, ZIP)
VALUES (5, 'Roma', 'IT', 'Capital of Italy', 'ROMA', 'Via Cassia,1', '00100');

INSERT INTO ADDRESS(ID, CITY, COUNTRY, DESCRIPTION, PROVINCE, STREET, ZIP)
VALUES (6, 'Paris', 'FR', 'Capital of France', 'PA', 'Via Eiffel,1', '00200');

INSERT INTO ADDRESS(ID, CITY, COUNTRY, DESCRIPTION, PROVINCE, STREET, ZIP)
VALUES (7, 'Roma', 'IT', 'Capital of Italy', 'ROMA', 'Via Cassia,1', '00100');

INSERT INTO ADDRESS(ID, CITY, COUNTRY, DESCRIPTION, PROVINCE, STREET, ZIP)
VALUES (8, 'Paris', 'FR', 'Capital of France', 'PA', 'Via Eiffel,1', '00200');

INSERT INTO ADDRESS(ID, CITY, COUNTRY, DESCRIPTION, PROVINCE, STREET, ZIP)
VALUES (9, 'Roma', 'IT', 'Capital of Italy', 'ROMA', 'Via Cassia,1', '00100');

INSERT INTO ADDRESS(ID, CITY, COUNTRY, DESCRIPTION, PROVINCE, STREET, ZIP)
VALUES (10, 'Paris', 'FR', 'Capital of France', 'PA', 'Via Eiffel,1', '00200');

INSERT INTO ADDRESS(ID, CITY, COUNTRY, DESCRIPTION, PROVINCE, STREET, ZIP)
VALUES (11, 'Roma', 'IT', 'Capital of Italy', 'ROMA', 'Via Cassia,1', '00100');

INSERT INTO ORGANIZATION(ID, DESCRIPTION, EMAIL, FAX, MOBILE, NAME, TELEPHONE, ADDRESS_ID, PARENT_ORGANIZATION_ID)
VALUES (1, 'First Organization ', 'info@firstOrg.com', '11111', '33333', '55555', 'First Org', 1, null);

INSERT INTO ORGANIZATION(ID, DESCRIPTION, EMAIL, FAX, MOBILE, NAME, TELEPHONE, ADDRESS_ID, PARENT_ORGANIZATION_ID)
VALUES (2, 'Second Organization ', 'info@secondOrg.com', '22222', '44444', '66666', 'Second Org', 2, null);

-- pwd = SpringInAction
INSERT INTO USER(ID, DESCRIPTION, EMAIL, FAX, MOBILE, NAME, PASSWORD, SURNAME, TELEPHONE, USERNAME, ADDRESS_ID, ORGANIZATION_ID, ACCOUNT_NON_EXPIRED, ACCOUNT_NON_LOCKED, CREDENTIALS_NON_EXPIRED, ENABLED)
VALUES ( 1, 'First test user', 'first@firstOrg.com', '11111-01', '33333-01', 'First', '$2a$10$STWZ0J6dwf5LPjyagI922edjV7Tr0OdBGvfLN5G7FGvbdX6Kal6Em', 'User User', '55555-01', 'first-user', 3, 1, TRUE, TRUE, TRUE, TRUE);

INSERT INTO USER(ID, DESCRIPTION, EMAIL, FAX, MOBILE, NAME, PASSWORD, SURNAME, TELEPHONE, USERNAME, ADDRESS_ID, ORGANIZATION_ID, ACCOUNT_NON_EXPIRED, ACCOUNT_NON_LOCKED, CREDENTIALS_NON_EXPIRED, ENABLED)
VALUES ( 2, 'Second test user', 'second@secondOrg.com', '22222-02', '44444-02', 'Second', '$2a$10$STWZ0J6dwf5LPjyagI922edjV7Tr0OdBGvfLN5G7FGvbdX6Kal6Em', 'User User', '66666-02', 'second-user', 4, 2, TRUE, TRUE, TRUE, TRUE);

INSERT INTO USER(ID, DESCRIPTION, EMAIL, FAX, MOBILE, NAME, PASSWORD, SURNAME, TELEPHONE, USERNAME, ADDRESS_ID, ORGANIZATION_ID, ACCOUNT_NON_EXPIRED, ACCOUNT_NON_LOCKED, CREDENTIALS_NON_EXPIRED, ENABLED)
VALUES ( 3, 'Third test user', 'third@firstOrg.com', '11111-03', '33333-03', 'Third', '$2a$10$STWZ0J6dwf5LPjyagI922edjV7Tr0OdBGvfLN5G7FGvbdX6Kal6Em', 'User User', '55555-03', 'third-user', 5, 1, TRUE, TRUE, TRUE, TRUE);

INSERT INTO USER(ID, DESCRIPTION, EMAIL, FAX, MOBILE, NAME, PASSWORD, SURNAME, TELEPHONE, USERNAME, ADDRESS_ID, ORGANIZATION_ID, ACCOUNT_NON_EXPIRED, ACCOUNT_NON_LOCKED, CREDENTIALS_NON_EXPIRED, ENABLED)
VALUES ( 4, 'Fourth test user', 'fourth@secondOrg.com', '22222-04', '44444-04', 'Fourth', '$2a$10$STWZ0J6dwf5LPjyagI922edjV7Tr0OdBGvfLN5G7FGvbdX6Kal6Em', 'User User', '66666-04', 'fourth-user', 6, 2, TRUE, TRUE, TRUE, TRUE);

INSERT INTO USER(ID, DESCRIPTION, EMAIL, FAX, MOBILE, NAME, PASSWORD, SURNAME, TELEPHONE, USERNAME, ADDRESS_ID, ORGANIZATION_ID, ACCOUNT_NON_EXPIRED, ACCOUNT_NON_LOCKED, CREDENTIALS_NON_EXPIRED, ENABLED)
VALUES ( 5, 'Fifth test user', 'fifth@firstOrg.com', '11111-05', '33333-05', 'Fifth', '$2a$10$STWZ0J6dwf5LPjyagI922edjV7Tr0OdBGvfLN5G7FGvbdX6Kal6Em', 'User User', '55555-05', 'fifth-user', 7, 1, TRUE, TRUE, TRUE, TRUE);

INSERT INTO USER(ID, DESCRIPTION, EMAIL, FAX, MOBILE, NAME, PASSWORD, SURNAME, TELEPHONE, USERNAME, ADDRESS_ID, ORGANIZATION_ID, ACCOUNT_NON_EXPIRED, ACCOUNT_NON_LOCKED, CREDENTIALS_NON_EXPIRED, ENABLED)
VALUES ( 6, 'Sixth test user', 'sixth@secondOrg.com', '22222-06', '44444-06', 'Sixth', '$2a$10$STWZ0J6dwf5LPjyagI922edjV7Tr0OdBGvfLN5G7FGvbdX6Kal6Em', 'User User', '66666-06', 'sixth-user', 8, 2, TRUE, TRUE, TRUE, TRUE);

INSERT INTO USER(ID, DESCRIPTION, EMAIL, FAX, MOBILE, NAME, PASSWORD, SURNAME, TELEPHONE, USERNAME, ADDRESS_ID, ORGANIZATION_ID, ACCOUNT_NON_EXPIRED, ACCOUNT_NON_LOCKED, CREDENTIALS_NON_EXPIRED, ENABLED)
VALUES ( 7, 'Seventh test user', 'seventh@firstOrg.com', '11111-07', '33333-07', 'Seventh', '$2a$10$STWZ0J6dwf5LPjyagI922edjV7Tr0OdBGvfLN5G7FGvbdX6Kal6Em', 'User User', '55555-07', 'seventh-user', 9, 1, TRUE, TRUE, TRUE, TRUE);

INSERT INTO USER(ID, DESCRIPTION, EMAIL, FAX, MOBILE, NAME, PASSWORD, SURNAME, TELEPHONE, USERNAME, ADDRESS_ID, ORGANIZATION_ID, ACCOUNT_NON_EXPIRED, ACCOUNT_NON_LOCKED, CREDENTIALS_NON_EXPIRED, ENABLED)
VALUES ( 8, 'Eighth test user', 'eighth@secondOrg.com', '22222-08', '44444-08', 'Eighth', '$2a$10$STWZ0J6dwf5LPjyagI922edjV7Tr0OdBGvfLN5G7FGvbdX6Kal6Em', 'User User', '66666-08', 'eighth-user', 10, 2, TRUE, TRUE, TRUE, TRUE);

INSERT INTO USER(ID, DESCRIPTION, EMAIL, FAX, MOBILE, NAME, PASSWORD, SURNAME, TELEPHONE, USERNAME, ADDRESS_ID, ORGANIZATION_ID, ACCOUNT_NON_EXPIRED, ACCOUNT_NON_LOCKED, CREDENTIALS_NON_EXPIRED, ENABLED)
VALUES ( 9, 'ninth test user', 'ninth@firstOrg.com', '11111-09', '33333-09', 'Ninth', '$2a$10$STWZ0J6dwf5LPjyagI922edjV7Tr0OdBGvfLN5G7FGvbdX6Kal6Em', 'User User', '55555-09', 'ninth-user', 11, 1, TRUE, TRUE, TRUE, TRUE);

INSERT INTO ROLE(ID, DESCRIPTION, NAME, TYPE, PARENT_ROLE_ID)
VALUES (1, 'generic role', 'ROLE_generic', 0, null);

INSERT INTO ROLE(ID, DESCRIPTION, NAME, TYPE, PARENT_ROLE_ID)
VALUES (2, 'system role', 'ROLE_system', 1, null);

INSERT INTO ROLE(ID, DESCRIPTION, NAME, TYPE, PARENT_ROLE_ID)
VALUES (3, 'usability role', 'ROLE_usability', 2, null);

INSERT INTO ROLE(ID, DESCRIPTION, NAME, TYPE, PARENT_ROLE_ID)
VALUES (4, 'applicable role', 'ROLE_applicable', 3, null);

INSERT INTO ROLE(ID, DESCRIPTION, NAME, TYPE, PARENT_ROLE_ID)
VALUES (5, 'applied role', 'ROLE_applied', 4, null);

INSERT INTO ROLE(ID, DESCRIPTION, NAME, TYPE, PARENT_ROLE_ID)
VALUES (6, 'admin role', 'ROLE_admin', 0, null);

INSERT INTO USER_ROLE (USER_ID, ROLE_ID)
VALUES (1, 6);